-- MySQL dump 10.13  Distrib 5.7.17, for Win64 (x86_64)
--
-- Host: localhost    Database: restaurant
-- ------------------------------------------------------
-- Server version	5.7.20-log

/*!40101 SET @OLD_CHARACTER_SET_CLIENT=@@CHARACTER_SET_CLIENT */;
/*!40101 SET @OLD_CHARACTER_SET_RESULTS=@@CHARACTER_SET_RESULTS */;
/*!40101 SET @OLD_COLLATION_CONNECTION=@@COLLATION_CONNECTION */;
/*!40101 SET NAMES utf8 */;
/*!40103 SET @OLD_TIME_ZONE=@@TIME_ZONE */;
/*!40103 SET TIME_ZONE='+00:00' */;
/*!40014 SET @OLD_UNIQUE_CHECKS=@@UNIQUE_CHECKS, UNIQUE_CHECKS=0 */;
/*!40014 SET @OLD_FOREIGN_KEY_CHECKS=@@FOREIGN_KEY_CHECKS, FOREIGN_KEY_CHECKS=0 */;
/*!40101 SET @OLD_SQL_MODE=@@SQL_MODE, SQL_MODE='NO_AUTO_VALUE_ON_ZERO' */;
/*!40111 SET @OLD_SQL_NOTES=@@SQL_NOTES, SQL_NOTES=0 */;

--
-- Table structure for table `cust_order`
--

DROP TABLE IF EXISTS `cust_order`;
/*!40101 SET @saved_cs_client     = @@character_set_client */;
/*!40101 SET character_set_client = utf8 */;
CREATE TABLE `cust_order` (
  `order_id` int(11) NOT NULL,
  `cust_id` int(11) NOT NULL,
  `order_time` datetime DEFAULT CURRENT_TIMESTAMP,
  PRIMARY KEY (`order_id`),
  KEY `cust_id` (`cust_id`),
  CONSTRAINT `cust_order_ibfk_1` FOREIGN KEY (`cust_id`) REFERENCES `customer` (`cust_id`)
) ENGINE=InnoDB DEFAULT CHARSET=utf8;
/*!40101 SET character_set_client = @saved_cs_client */;

--
-- Dumping data for table `cust_order`
--

LOCK TABLES `cust_order` WRITE;
/*!40000 ALTER TABLE `cust_order` DISABLE KEYS */;
INSERT INTO `cust_order` VALUES (1,1,'2017-12-26 20:37:04'),(2,2,'2017-12-26 22:39:05'),(3,5,'2017-12-27 15:35:09'),(4,8,'2017-12-27 18:35:04'),(5,1,'2017-12-27 20:34:04'),(6,4,'2017-12-27 21:35:07'),(7,6,'2017-12-27 22:38:07'),(8,1,'2017-12-27 22:39:07');
/*!40000 ALTER TABLE `cust_order` ENABLE KEYS */;
UNLOCK TABLES;

--
-- Table structure for table `customer`
--

DROP TABLE IF EXISTS `customer`;
/*!40101 SET @saved_cs_client     = @@character_set_client */;
/*!40101 SET character_set_client = utf8 */;
CREATE TABLE `customer` (
  `cust_id` int(11) NOT NULL,
  `cust_name` varchar(20) DEFAULT NULL,
  PRIMARY KEY (`cust_id`)
) ENGINE=InnoDB DEFAULT CHARSET=utf8;
/*!40101 SET character_set_client = @saved_cs_client */;

--
-- Dumping data for table `customer`
--

LOCK TABLES `customer` WRITE;
/*!40000 ALTER TABLE `customer` DISABLE KEYS */;
INSERT INTO `customer` VALUES (1,'Rahul'),(2,'amit'),(3,'ankit'),(4,'Ramesh'),(5,'Rohit'),(6,'abhishek'),(7,'john'),(8,'max'),(9,'albert'),(10,'ram');
/*!40000 ALTER TABLE `customer` ENABLE KEYS */;
UNLOCK TABLES;

--
-- Table structure for table `menu`
--

DROP TABLE IF EXISTS `menu`;
/*!40101 SET @saved_cs_client     = @@character_set_client */;
/*!40101 SET character_set_client = utf8 */;
CREATE TABLE `menu` (
  `item_id` int(11) NOT NULL,
  `item_name` varchar(20) NOT NULL,
  `item_price` int(11) NOT NULL,
  PRIMARY KEY (`item_id`)
) ENGINE=InnoDB DEFAULT CHARSET=utf8;
/*!40101 SET character_set_client = @saved_cs_client */;

--
-- Dumping data for table `menu`
--

LOCK TABLES `menu` WRITE;
/*!40000 ALTER TABLE `menu` DISABLE KEYS */;
INSERT INTO `menu` VALUES (1,'Veg Biryani',100),(2,'Chicken Biryani',200),(3,'Mutton Biryani',200),(4,'Prawns Biryani',200),(5,'Egg Biryani',150),(6,'Dosa',50),(7,'Idly',50),(8,'wada',60),(9,'puri',60),(10,'masala dosa',60);
/*!40000 ALTER TABLE `menu` ENABLE KEYS */;
UNLOCK TABLES;

--
-- Table structure for table `order_items`
--

DROP TABLE IF EXISTS `order_items`;
/*!40101 SET @saved_cs_client     = @@character_set_client */;
/*!40101 SET character_set_client = utf8 */;
CREATE TABLE `order_items` (
  `item_id` int(11) NOT NULL,
  `order_id` int(11) NOT NULL,
  `quantity` int(11) NOT NULL DEFAULT '1',
  PRIMARY KEY (`item_id`,`order_id`),
  KEY `order_id` (`order_id`),
  CONSTRAINT `order_items_ibfk_1` FOREIGN KEY (`order_id`) REFERENCES `cust_order` (`order_id`),
  CONSTRAINT `order_items_ibfk_2` FOREIGN KEY (`item_id`) REFERENCES `menu` (`item_id`)
) ENGINE=InnoDB DEFAULT CHARSET=utf8;
/*!40101 SET character_set_client = @saved_cs_client */;

--
-- Dumping data for table `order_items`
--

LOCK TABLES `order_items` WRITE;
/*!40000 ALTER TABLE `order_items` DISABLE KEYS */;
INSERT INTO `order_items` VALUES (1,5,3),(2,1,2),(2,8,1),(3,1,1),(3,2,2),(3,6,1),(3,7,2),(4,1,1),(6,2,1),(6,6,1),(7,4,1),(9,3,1),(10,3,1);
/*!40000 ALTER TABLE `order_items` ENABLE KEYS */;
UNLOCK TABLES;

--
-- Temporary view structure for view `vw_customersnapshot`
--

DROP TABLE IF EXISTS `vw_customersnapshot`;
/*!50001 DROP VIEW IF EXISTS `vw_customersnapshot`*/;
SET @saved_cs_client     = @@character_set_client;
SET character_set_client = utf8;
/*!50001 CREATE VIEW `vw_customersnapshot` AS SELECT 
 1 AS `cust_id`,
 1 AS `cust_name`*/;
SET character_set_client = @saved_cs_client;

--
-- Temporary view structure for view `vw_ordersnapshot`
--

DROP TABLE IF EXISTS `vw_ordersnapshot`;
/*!50001 DROP VIEW IF EXISTS `vw_ordersnapshot`*/;
SET @saved_cs_client     = @@character_set_client;
SET character_set_client = utf8;
/*!50001 CREATE VIEW `vw_ordersnapshot` AS SELECT 
 1 AS `item_id`,
 1 AS `item_name`,
 1 AS `item_price`*/;
SET character_set_client = @saved_cs_client;

--
-- Dumping routines for database 'restaurant'
--
/*!50003 DROP FUNCTION IF EXISTS `fn_GetOrderTimeElapsed` */;
/*!50003 SET @saved_cs_client      = @@character_set_client */ ;
/*!50003 SET @saved_cs_results     = @@character_set_results */ ;
/*!50003 SET @saved_col_connection = @@collation_connection */ ;
/*!50003 SET character_set_client  = utf8 */ ;
/*!50003 SET character_set_results = utf8 */ ;
/*!50003 SET collation_connection  = utf8_general_ci */ ;
/*!50003 SET @saved_sql_mode       = @@sql_mode */ ;
/*!50003 SET sql_mode              = 'STRICT_TRANS_TABLES,NO_AUTO_CREATE_USER,NO_ENGINE_SUBSTITUTION' */ ;
DELIMITER ;;
CREATE DEFINER=`root`@`localhost` FUNCTION `fn_GetOrderTimeElapsed`(ID int) RETURNS int(11)
begin
declare minutes int;
declare t datetime;
select order_time into t from cust_order where cust_id=ID order by order_time desc limit 1;
select timestampdiff(minute,t,now()) into minutes;
return minutes ;
end ;;
DELIMITER ;
/*!50003 SET sql_mode              = @saved_sql_mode */ ;
/*!50003 SET character_set_client  = @saved_cs_client */ ;
/*!50003 SET character_set_results = @saved_cs_results */ ;
/*!50003 SET collation_connection  = @saved_col_connection */ ;
/*!50003 DROP PROCEDURE IF EXISTS `sp_GenerateBill` */;
/*!50003 SET @saved_cs_client      = @@character_set_client */ ;
/*!50003 SET @saved_cs_results     = @@character_set_results */ ;
/*!50003 SET @saved_col_connection = @@collation_connection */ ;
/*!50003 SET character_set_client  = utf8 */ ;
/*!50003 SET character_set_results = utf8 */ ;
/*!50003 SET collation_connection  = utf8_general_ci */ ;
/*!50003 SET @saved_sql_mode       = @@sql_mode */ ;
/*!50003 SET sql_mode              = 'STRICT_TRANS_TABLES,NO_AUTO_CREATE_USER,NO_ENGINE_SUBSTITUTION' */ ;
DELIMITER ;;
CREATE DEFINER=`root`@`localhost` PROCEDURE `sp_GenerateBill`(IN OrderID int, OUT BillAMT int)
begin
	select sum(item_price) into BillAMT from menu where item_id in (select item_id from order_items where order_id=OrderID);
end ;;
DELIMITER ;
/*!50003 SET sql_mode              = @saved_sql_mode */ ;
/*!50003 SET character_set_client  = @saved_cs_client */ ;
/*!50003 SET character_set_results = @saved_cs_results */ ;
/*!50003 SET collation_connection  = @saved_col_connection */ ;
/*!50003 DROP PROCEDURE IF EXISTS `sp_GetOrder` */;
/*!50003 SET @saved_cs_client      = @@character_set_client */ ;
/*!50003 SET @saved_cs_results     = @@character_set_results */ ;
/*!50003 SET @saved_col_connection = @@collation_connection */ ;
/*!50003 SET character_set_client  = utf8 */ ;
/*!50003 SET character_set_results = utf8 */ ;
/*!50003 SET collation_connection  = utf8_general_ci */ ;
/*!50003 SET @saved_sql_mode       = @@sql_mode */ ;
/*!50003 SET sql_mode              = 'STRICT_TRANS_TABLES,NO_AUTO_CREATE_USER,NO_ENGINE_SUBSTITUTION' */ ;
DELIMITER ;;
CREATE DEFINER=`root`@`localhost` PROCEDURE `sp_GetOrder`(IN CustomerID int)
begin
	select * from order_items where order_id = (select order_id from cust_order where cust_id=CustomerID order by order_time desc limit 1 );
end ;;
DELIMITER ;
/*!50003 SET sql_mode              = @saved_sql_mode */ ;
/*!50003 SET character_set_client  = @saved_cs_client */ ;
/*!50003 SET character_set_results = @saved_cs_results */ ;
/*!50003 SET collation_connection  = @saved_col_connection */ ;

--
-- Final view structure for view `vw_customersnapshot`
--

/*!50001 DROP VIEW IF EXISTS `vw_customersnapshot`*/;
/*!50001 SET @saved_cs_client          = @@character_set_client */;
/*!50001 SET @saved_cs_results         = @@character_set_results */;
/*!50001 SET @saved_col_connection     = @@collation_connection */;
/*!50001 SET character_set_client      = utf8 */;
/*!50001 SET character_set_results     = utf8 */;
/*!50001 SET collation_connection      = utf8_general_ci */;
/*!50001 CREATE ALGORITHM=UNDEFINED */
/*!50013 DEFINER=`root`@`localhost` SQL SECURITY DEFINER */
/*!50001 VIEW `vw_customersnapshot` AS select `customer`.`cust_id` AS `cust_id`,`customer`.`cust_name` AS `cust_name` from `customer` where (`customer`.`cust_id` = (select `cust_order`.`cust_id` from `cust_order` group by `cust_order`.`cust_id` order by count(0) desc limit 1)) */;
/*!50001 SET character_set_client      = @saved_cs_client */;
/*!50001 SET character_set_results     = @saved_cs_results */;
/*!50001 SET collation_connection      = @saved_col_connection */;

--
-- Final view structure for view `vw_ordersnapshot`
--

/*!50001 DROP VIEW IF EXISTS `vw_ordersnapshot`*/;
/*!50001 SET @saved_cs_client          = @@character_set_client */;
/*!50001 SET @saved_cs_results         = @@character_set_results */;
/*!50001 SET @saved_col_connection     = @@collation_connection */;
/*!50001 SET character_set_client      = utf8 */;
/*!50001 SET character_set_results     = utf8 */;
/*!50001 SET collation_connection      = utf8_general_ci */;
/*!50001 CREATE ALGORITHM=UNDEFINED */
/*!50013 DEFINER=`root`@`localhost` SQL SECURITY DEFINER */
/*!50001 VIEW `vw_ordersnapshot` AS select `menu`.`item_id` AS `item_id`,`menu`.`item_name` AS `item_name`,`menu`.`item_price` AS `item_price` from `menu` where (`menu`.`item_id` = (select `order_items`.`item_id` from `order_items` group by `order_items`.`item_id` order by count(0) desc limit 1)) */;
/*!50001 SET character_set_client      = @saved_cs_client */;
/*!50001 SET character_set_results     = @saved_cs_results */;
/*!50001 SET collation_connection      = @saved_col_connection */;
/*!40103 SET TIME_ZONE=@OLD_TIME_ZONE */;

/*!40101 SET SQL_MODE=@OLD_SQL_MODE */;
/*!40014 SET FOREIGN_KEY_CHECKS=@OLD_FOREIGN_KEY_CHECKS */;
/*!40014 SET UNIQUE_CHECKS=@OLD_UNIQUE_CHECKS */;
/*!40101 SET CHARACTER_SET_CLIENT=@OLD_CHARACTER_SET_CLIENT */;
/*!40101 SET CHARACTER_SET_RESULTS=@OLD_CHARACTER_SET_RESULTS */;
/*!40101 SET COLLATION_CONNECTION=@OLD_COLLATION_CONNECTION */;
/*!40111 SET SQL_NOTES=@OLD_SQL_NOTES */;

-- Dump completed on 2017-12-28  0:18:16
